Time,UE1 RSRP,UE1 RSRQ,UE1 SINR,UE1 Datagrams Loss Ratio,UE1 Total Datagrams
19:14:13,-63,-11,32,0.00E+00,1820
19:14:14,-61,-11,32,0.00E+00,1830
19:14:15,-62,-11,32,0.00E+00,1792
19:14:16,-63,-11,32,0.00E+00,1879
19:14:17,-62,-11,31,6.00E-04,1807
19:14:18,-63,-11,31,0.00E+00,1827
19:14:19,-62,-11,32,0.00E+00,1836
19:14:20,-62,-11,31,0.00E+00,1796
19:14:21,,,,0.00E+00,1790
19:14:22,-60,-11,31,0.00E+00,1922
19:14:23,-61,-11,31,0.00E+00,1836
19:14:24,-60,-11,31,0.00E+00,1829
19:14:25,-60,-11,31,0.00E+00,1826
19:14:26,-61,-11,31,0.00E+00,1847
19:14:27,-61,-11,31,0.00E+00,1798
19:14:28,-60,-11,31,0.00E+00,1763
19:14:29,-61,-11,31,0.00E+00,1891
19:14:30,-62,-11,31,8.00E-03,1864
19:14:31,-61,-11,31,0.00E+00,1840
19:14:32,-61,-11,31,0.00E+00,1804
19:14:33,-60,-11,31,0.00E+00,1838
19:14:34,-62,-11,31,0.00E+00,1853
19:14:35,,,,0.00E+00,1698
19:14:36,-62,-11,31,0.00E+00,1965
19:14:37,-62,-11,31,0.00E+00,1826
19:14:38,-61,-11,31,0.00E+00,1832
19:14:39,-62,-11,31,0.00E+00,1818
19:14:40,-64,-11,31,0.00E+00,1782
19:14:41,-62,-11,31,0.00E+00,1762
19:14:42,-61,-11,31,0.00E+00,1852
19:14:43,-60,-11,31,0.00E+00,1884
19:14:44,-60,-11,32,0.00E+00,1886
19:14:45,-59,-11,32,0.00E+00,1835
19:14:46,-60,-11,32,0.00E+00,1759
19:14:47,-59,-11,32,0.00E+00,1861
19:14:48,-60,-11,31,0.00E+00,1813
19:14:49,,,,0.00E+00,1895
19:14:50,-61,-11,31,0.00E+00,1809
19:14:51,-60,-11,31,1.00E-03,1825
19:14:52,-59,-11,31,0.00E+00,1848
19:14:53,-60,-11,32,0.00E+00,1844
19:14:54,-59,-11,32,0.00E+00,1824
19:14:55,-60,-11,32,0.00E+00,1837
19:14:56,-61,-11,31,0.00E+00,1786
19:14:57,-60,-11,31,0.00E+00,1865
19:14:58,-60,-11,31,0.00E+00,1804
19:14:59,-60,-11,31,0.00E+00,1862
19:15:00,-59,-11,32,0.00E+00,1831
19:15:01,-59,-11,32,0.00E+00,1741
19:15:02,-60,-11,31,0.00E+00,1930
19:15:03,,,,0.00E+00,1823
19:15:04,-61,-11,31,0.00E+00,1783
19:15:05,-61,-11,32,0.00E+00,1824
19:15:06,-60,-11,32,0.00E+00,1888
19:15:07,-61,-11,31,0.00E+00,1822
19:15:08,-61,-11,31,0.00E+00,1819
19:15:09,-61,-11,31,0.00E+00,1856
19:15:10,-61,-11,31,0.00E+00,1825
19:15:11,-60,-11,32,0.00E+00,1810
19:15:12,-61,-11,32,0.00E+00,1848
19:15:13,-60,-11,31,0.00E+00,1781
19:15:14,-60,-11,31,0.00E+00,1883
19:15:15,-61,-11,32,0.00E+00,1835
19:15:16,-61,-11,32,5.00E-03,1829
19:15:17,,,,0.00E+00,1836
19:15:18,-61,-11,32,0.00E+00,1774
19:15:19,-61,-11,32,0.00E+00,1888
19:15:20,-62,-11,32,0.00E+00,1807
19:15:21,-62,-11,32,0.00E+00,1850
19:15:22,-61,-11,32,0.00E+00,1830
19:15:23,-62,-11,32,0.00E+00,1739
19:15:24,-61,-11,32,0.00E+00,1927
19:15:25,-61,-11,32,0.00E+00,1828
19:15:26,-60,-11,32,0.00E+00,1836
19:15:27,-61,-11,32,0.00E+00,1834
19:15:28,-61,-11,32,0.00E+00,1808
19:15:29,-60,-11,32,0.00E+00,1858
19:15:30,-61,-11,32,0.00E+00,1822
19:15:31,,,,0.00E+00,1806
19:15:32,-62,-11,32,0.00E+00,1858
19:15:33,-61,-11,32,0.00E+00,1833
19:15:34,-62,-11,32,0.00E+00,1791
19:15:35,-61,-11,32,0.00E+00,1864
19:15:36,-62,-11,32,0.00E+00,1831
19:15:37,-62,-11,32,0.00E+00,1831
19:15:38,-62,-11,32,0.00E+00,1826
19:15:39,-61,-11,32,0.00E+00,1838
19:15:40,-59,-11,32,0.00E+00,1839
19:15:41,-59,-11,31,0.00E+00,1819
19:15:42,-60,-11,32,0.00E+00,1838
19:15:43,-60,-11,32,0.00E+00,1820
19:15:44,-59,-11,31,0.00E+00,1804
19:15:45,,,,0.00E+00,1875
19:15:46,-59,-11,31,0.00E+00,1828
19:15:47,-60,-11,31,0.00E+00,1807
19:15:48,-60,-11,31,0.00E+00,1844
19:15:49,-60,-11,31,0.00E+00,1842
19:15:50,-61,-11,32,0.00E+00,1830
19:15:51,-62,-11,32,0.00E+00,1814
19:15:52,-60,-11,31,0.00E+00,1844
19:15:53,-62,-11,32,0.00E+00,1794
19:15:54,-60,-11,31,0.00E+00,1870
19:15:55,-62,-11,31,0.00E+00,1826
19:15:56,-62,-11,32,0.00E+00,1839
19:15:57,-62,-11,32,0.00E+00,1819
19:15:58,-58,-11,31,0.00E+00,1844
19:15:59,,,,0.00E+00,1833
19:16:00,-64,-11,31,0.00E+00,1829
19:16:01,-63,-11,30,0.00E+00,1836
19:16:02,-63,-11,30,0.00E+00,1828
19:16:03,-61,-11,31,0.00E+00,1836
19:16:04,-61,-11,31,0.00E+00,1823
19:16:05,-63,-11,31,0.00E+00,1837
19:16:06,-61,-11,31,0.00E+00,1828
19:16:07,-61,-11,31,0.00E+00,1836
19:16:08,-61,-11,31,0.00E+00,1823
19:16:09,-62,-11,31,0.00E+00,1832
19:16:10,-62,-11,31,0.00E+00,1826
19:16:11,-64,-11,31,0.00E+00,1840
19:16:12,-63,-11,31,0.00E+00,1830
19:16:13,,,,0.00E+00,1830
19:16:14,-62,-11,31,0.00E+00,1829
19:16:15,-62,-11,31,0.00E+00,1838
19:16:16,-64,-11,31,0.00E+00,1820
19:16:17,-62,-11,31,0.00E+00,1840
19:16:18,-63,-11,31,0.00E+00,1826
19:16:19,-64,-11,31,0.00E+00,1835
19:16:20,-63,-11,31,0.00E+00,1827
19:16:21,-63,-11,31,0.00E+00,1837
19:16:22,-63,-11,31,0.00E+00,1823
19:16:23,-63,-11,31,0.00E+00,1839
19:16:24,-63,-11,31,0.00E+00,1830
19:16:25,-63,-11,31,0.00E+00,1822
19:16:26,-64,-11,31,0.00E+00,1839
19:16:27,,,,0.00E+00,1821
19:16:28,-64,-11,31,0.00E+00,1833
19:16:29,-62,-11,31,0.00E+00,1839
19:16:30,-61,-11,31,0.00E+00,1837
19:16:31,-64,-11,31,0.00E+00,1828
19:16:32,-62,-11,31,0.00E+00,1831
19:16:33,-60,-11,31,0.00E+00,1827
19:16:34,-62,-11,32,0.00E+00,1835
19:16:35,-61,-11,32,0.00E+00,1825
19:16:36,-61,-11,32,0.00E+00,1830
19:16:37,-62,-11,32,0.00E+00,1836
19:16:38,-62,-11,32,0.00E+00,1834
19:16:39,-62,-11,32,0.00E+00,1827
19:16:40,-62,-11,32,0.00E+00,1832
19:16:41,,,,0.00E+00,1826
19:16:42,-62,-11,32,0.00E+00,1822
19:16:43,-61,-11,32,0.00E+00,1841
19:16:44,-62,-11,32,0.00E+00,1833
19:16:45,-62,-11,32,0.00E+00,1836
19:16:46,-61,-11,32,0.00E+00,1827
19:16:47,-63,-11,32,0.00E+00,1834
19:16:48,-63,-11,32,0.00E+00,1816
19:16:49,-64,-11,32,0.00E+00,1838
19:16:50,-62,-11,32,0.00E+00,1839
19:16:51,-60,-11,32,0.00E+00,1821
19:16:52,-63,-11,32,0.00E+00,1830
19:16:53,-63,-11,32,0.00E+00,1824
19:16:54,-61,-11,32,0.00E+00,1853
19:16:55,,,,0.00E+00,1820
19:16:56,-62,-11,32,0.00E+00,1836
19:16:57,-63,-11,32,0.00E+00,1837
19:22:21,-66,-11,30,0.00E+00,1858
19:22:22,-64,-11,29,0.00E+00,1826
19:22:23,-64,-11,30,0.00E+00,1830
19:22:24,-64,-11,30,0.00E+00,1837
19:22:25,-66,-11,30,0.00E+00,1829
19:22:26,-63,-11,30,0.00E+00,1826
19:22:27,-66,-11,30,0.00E+00,1840
19:22:28,-64,-11,30,0.00E+00,1827
19:22:29,-64,-11,31,0.00E+00,1829
19:22:30,-66,-11,31,0.00E+00,1829
19:22:31,,,,0.00E+00,1823
19:22:32,-68,-11,31,0.00E+00,1839
19:22:33,-65,-11,29,0.00E+00,1836
19:22:34,-70,-11,29,0.00E+00,1830
19:22:35,-67,-11,30,0.00E+00,1832
19:22:36,-71,-11,30,0.00E+00,1835
19:22:37,-68,-11,30,0.00E+00,1827
19:22:38,-68,-11,30,0.00E+00,1831
19:22:39,-68,-11,30,0.00E+00,1834
19:22:40,-70,-11,30,0.00E+00,1830
19:22:41,-67,-11,30,0.00E+00,1830
19:22:42,-68,-11,30,0.00E+00,1825
19:22:43,-68,-11,30,0.00E+00,1825
19:22:44,-68,-11,30,0.00E+00,1847
19:22:45,,,,0.00E+00,1832
19:22:46,-69,-11,30,0.00E+00,1822
19:22:47,-67,-11,29,0.00E+00,1840
19:22:48,-72,-11,29,0.00E+00,1812
19:22:49,-68,-11,30,0.00E+00,1845
19:22:50,-73,-11,30,0.00E+00,1833
19:22:51,-72,-11,29,0.00E+00,1834
19:22:52,-70,-11,29,0.00E+00,1822
19:22:53,-68,-11,30,0.00E+00,1831
19:22:54,-66,-11,30,0.00E+00,1829
19:22:55,-70,-11,29,0.00E+00,1837
19:22:56,-69,-11,30,0.00E+00,1831
19:22:57,-67,-11,29,0.00E+00,1829
19:22:58,-69,-11,29,0.00E+00,1832
19:22:59,-69,-11,30,0.00E+00,1821
19:23:00,,,,0.00E+00,1845
19:23:01,-69,-11,30,0.00E+00,1833
19:23:02,-68,-11,30,0.00E+00,1828
19:23:03,-67,-11,30,0.00E+00,1824
19:23:04,-70,-11,30,0.00E+00,1828
19:23:05,-67,-11,30,0.00E+00,1837
19:23:06,-68,-11,29,0.00E+00,1833
19:23:07,-72,-11,29,0.00E+00,1830
19:23:08,-68,-11,29,0.00E+00,1836
19:23:09,-66,-11,29,0.00E+00,1826
19:23:10,-72,-11,30,0.00E+00,1833
19:23:11,-69,-11,30,0.00E+00,1832
19:23:12,-69,-11,30,0.00E+00,1823
19:23:13,,,,0.00E+00,1838
19:23:14,-72,-11,30,0.00E+00,1826
19:23:15,-66,-11,29,0.00E+00,1838
19:23:16,-69,-11,29,0.00E+00,1835
19:23:17,-69,-11,29,0.00E+00,1826
19:23:18,-66,-11,29,0.00E+00,1828
19:23:19,-74,-11,29,0.00E+00,1836
19:23:20,-66,-11,29,0.00E+00,1821
19:23:21,-67,-11,29,0.00E+00,1840
19:23:22,-69,-11,30,0.00E+00,1832
19:23:23,-69,-11,30,0.00E+00,1827
19:23:24,-69,-11,29,0.00E+00,1836
19:23:25,-67,-11,29,0.00E+00,1823
19:23:26,,,,0.00E+00,1833
19:23:27,-69,-11,30,0.00E+00,1836
19:23:28,-69,-11,30,0.00E+00,1832
19:23:29,-67,-11,30,0.00E+00,1826
19:23:30,-68,-11,29,0.00E+00,1822
19:23:31,-68,-11,30,0.00E+00,1849
19:23:32,-66,-11,30,0.00E+00,1824
19:23:33,-68,-11,30,0.00E+00,1836
19:23:34,-66,-11,30,0.00E+00,1828
19:23:35,-68,-11,30,0.00E+00,1829
19:23:36,-66,-11,30,0.00E+00,1824
19:23:37,-70,-11,30,0.00E+00,1843
19:23:38,-66,-11,29,0.00E+00,1828
19:23:39,-66,-11,30,0.00E+00,1832
19:23:40,,,,0.00E+00,1830
19:23:41,-67,-11,30,0.00E+00,1829
19:23:42,-66,-11,30,0.00E+00,1832
19:23:43,-68,-11,30,0.00E+00,1835
19:23:44,-66,-11,30,0.00E+00,1833
19:23:45,-66,-11,30,0.00E+00,1827
19:23:46,-68,-11,30,0.00E+00,1827
19:23:47,-68,-11,30,0.00E+00,1840
19:23:48,-68,-11,30,0.00E+00,1828
19:23:49,-69,-11,29,0.00E+00,1831
19:23:50,-71,-11,30,0.00E+00,1824
19:23:51,-70,-11,29,0.00E+00,1838
19:23:52,-68,-11,29,0.00E+00,1825
19:23:53,-69,-11,30,0.00E+00,1833
19:23:54,,,,0.00E+00,1833
19:23:55,-69,-11,30,0.00E+00,1834
19:23:56,-69,-11,29,0.00E+00,1828
19:23:57,-66,-11,30,0.00E+00,1834
19:23:58,-68,-11,30,0.00E+00,1829
19:23:59,-69,-11,30,0.00E+00,1829
19:24:00,-68,-11,29,0.00E+00,1837
19:24:01,-70,-11,29,0.00E+00,1827
19:24:02,-66,-11,29,0.00E+00,1823
19:24:03,-70,-11,29,0.00E+00,1836
19:24:04,-68,-11,30,0.00E+00,1835
19:24:05,-68,-11,30,0.00E+00,1827
19:24:06,-68,-11,30,0.00E+00,1831
19:24:07,-67,-11,30,0.00E+00,1832
19:24:08,,,,0.00E+00,1831
19:24:09,-67,-11,30,0.00E+00,1837
19:24:10,-70,-11,30,0.00E+00,1827
19:24:11,-70,-11,30,0.00E+00,1828
19:24:12,-70,-11,30,0.00E+00,1838
19:24:13,-68,-11,30,0.00E+00,1823
19:24:14,-68,-11,30,0.00E+00,1838
19:24:15,-73,-11,30,0.00E+00,1827
19:24:16,-67,-11,30,0.00E+00,1827
19:24:17,-70,-11,30,0.00E+00,1842
19:24:18,-73,-11,29,0.00E+00,1816
19:24:19,-73,-11,29,0.00E+00,1840
19:24:20,-66,-11,29,0.00E+00,1835
19:24:21,-68,-11,29,0.00E+00,1826
19:24:22,,,,0.00E+00,1834
19:24:23,-74,-11,30,0.00E+00,1824
19:24:24,-68,-11,28,0.00E+00,1831
19:24:25,-67,-11,29,0.00E+00,1842
19:24:26,-68,-11,29,0.00E+00,1833
19:24:27,-72,-11,30,0.00E+00,1825
19:24:28,-71,-11,30,0.00E+00,1830
19:24:29,-69,-11,29,0.00E+00,1829
19:24:30,-69,-11,29,0.00E+00,1824
19:24:31,-70,-11,29,0.00E+00,1841
19:24:32,-69,-11,28,0.00E+00,1831
19:24:33,-66,-11,29,0.00E+00,1835
19:24:34,-72,-11,29,0.00E+00,1831
19:24:35,-70,-11,29,0.00E+00,1824
19:24:36,-70,-11,29,0.00E+00,1829
19:24:37,,,,0.00E+00,1838
19:24:38,-71,-11,29,0.00E+00,1832
19:24:39,-71,-11,29,0.00E+00,1835
19:24:40,-71,-11,29,0.00E+00,1823
19:24:41,-67,-11,29,0.00E+00,1828
19:24:42,-71,-11,29,0.00E+00,1840
19:24:43,-70,-11,30,0.00E+00,1832
19:24:44,-68,-11,29,0.00E+00,1823
19:24:45,-70,-11,29,0.00E+00,1832
19:24:46,-67,-11,29,0.00E+00,1829
19:24:47,-69,-11,30,0.00E+00,1842
19:24:48,-68,-11,30,0.00E+00,1830
19:24:49,-69,-11,30,0.00E+00,1832
19:24:50,-69,-11,30,0.00E+00,1819
19:24:51,,,,0.00E+00,1841
19:24:52,-69,-11,30,0.00E+00,1823
19:24:53,-70,-11,30,0.00E+00,1841
19:24:54,-70,-11,30,0.00E+00,1832
19:24:55,-70,-11,30,0.00E+00,1828
19:24:56,-68,-11,30,0.00E+00,1822
19:24:57,-68,-11,30,0.00E+00,1838
19:24:58,-67,-11,29,0.00E+00,1829
19:24:59,-67,-11,29,0.00E+00,1837
19:25:00,-68,-11,30,0.00E+00,1833
19:25:01,-68,-11,30,0.00E+00,1822
19:25:02,-67,-11,30,0.00E+00,1832
19:25:03,-71,-11,30,0.00E+00,1839
19:25:04,-71,-11,29,0.00E+00,1821
19:25:05,,,,0.00E+00,1836
19:25:06,-70,-11,29,0.00E+00,1822
19:25:07,-71,-11,29,0.00E+00,1835
19:25:08,-71,-11,30,0.00E+00,1832
19:25:09,-71,-11,29,0.00E+00,1836
19:25:10,-70,-11,30,0.00E+00,1835
19:25:11,-67,-11,30,0.00E+00,1821
19:25:12,-70,-11,30,0.00E+00,1839
19:25:13,-67,-11,30,0.00E+00,1832
19:25:14,-70,-11,30,0.00E+00,1832
19:25:15,-73,-11,30,0.00E+00,1830
19:25:16,-70,-11,29,0.00E+00,1830
19:25:17,-66,-11,29,0.00E+00,1826
19:25:18,-67,-11,30,0.00E+00,1832
19:25:19,,,,0.00E+00,1838
19:25:20,-68,-11,30,0.00E+00,1823
19:25:21,-71,-11,30,0.00E+00,1833
19:25:22,-68,-11,30,0.00E+00,1830
19:25:23,-69,-11,28,0.00E+00,1823
19:25:24,-71,-11,28,0.00E+00,1846
19:25:25,-68,-11,30,0.00E+00,1824
19:25:26,-67,-11,30,0.00E+00,1836
19:25:27,-67,-11,30,0.00E+00,1834
19:25:28,-69,-11,30,0.00E+00,1822
19:25:29,-70,-11,30,0.00E+00,1837
19:25:30,-69,-11,30,0.00E+00,1826
19:25:31,-69,-11,30,0.00E+00,1836
19:25:32,-68,-11,30,0.00E+00,1830
19:25:33,,,,0.00E+00,1826
19:25:34,-69,-11,30,0.00E+00,1836
19:25:35,-66,-11,29,0.00E+00,1833
19:25:36,-69,-11,30,0.00E+00,1831
19:25:37,-69,-11,30,0.00E+00,1831
19:25:38,-70,-11,30,0.00E+00,1828
19:25:39,-68,-11,29,0.00E+00,1834
19:25:40,-68,-11,29,0.00E+00,1834
19:25:41,-67,-11,30,0.00E+00,1821
19:25:42,-69,-11,30,0.00E+00,1837
19:25:43,-66,-11,30,0.00E+00,1832
19:25:44,-66,-11,30,0.00E+00,1824
19:25:45,-65,-11,30,0.00E+00,1831
19:25:46,-70,-11,30,0.00E+00,1834
19:25:47,,,,0.00E+00,1831
19:25:48,-68,-11,29,0.00E+00,1829
19:25:49,-68,-11,29,0.00E+00,1821
19:25:50,-82,-11,30,0.00E+00,1835
19:25:51,-80,-11,24,0.00E+00,1839
19:25:52,-84,-11,20,0.00E+00,1831
19:25:53,-79,-11,22,0.00E+00,1828
19:25:54,-85,-11,23,0.00E+00,1836
19:25:55,-83,-11,23,0.00E+00,1813
19:25:56,-85,-11,19,0.00E+00,1839
19:25:57,-82,-11,19,0.00E+00,1844
19:25:58,-88,-11,21,0.00E+00,1815
19:25:59,-85,-11,19,0.00E+00,1841
19:26:00,-85,-11,19,0.00E+00,1840
19:26:01,,,,0.00E+00,1826
19:26:02,-86,-11,20,0.00E+00,1834
19:26:03,-86,-11,19,0.00E+00,1831
19:26:04,-85,-11,21,0.00E+00,1814
19:26:05,-88,-11,21,0.00E+00,1836
19:26:06,-80,-11,21,0.00E+00,1836
19:26:07,-79,-11,21,0.00E+00,1839
19:26:08,-79,-11,23,0.00E+00,1826
19:26:09,-81,-11,23,0.00E+00,1831
19:26:10,-79,-11,21,0.00E+00,1842
19:26:11,-82,-11,21,0.00E+00,1814
19:26:12,-78,-11,21,0.00E+00,1835
19:26:13,-81,-11,21,0.00E+00,1838
19:26:14,-79,-11,22,0.00E+00,1830
19:26:15,,,,0.00E+00,1833
19:26:16,-80,-11,22,0.00E+00,1827
19:26:17,-82,-11,20,0.00E+00,1834
19:26:18,-79,-11,22,0.00E+00,1834
19:26:19,-79,-11,21,0.00E+00,1825
19:26:20,-81,-11,21,0.00E+00,1834
19:26:21,-78,-11,22,0.00E+00,1821
19:26:22,-81,-11,22,0.00E+00,1837
19:26:23,-77,-11,22,0.00E+00,1835
19:26:24,-83,-11,22,0.00E+00,1825
19:26:25,-78,-11,21,0.00E+00,1838
19:26:26,-80,-11,21,0.00E+00,1827
19:26:27,-81,-11,21,0.00E+00,1837
19:26:28,-77,-11,21,0.00E+00,1834
19:26:29,,,,0.00E+00,1823
19:26:30,-82,-11,24,0.00E+00,1836
19:26:31,-83,-11,22,0.00E+00,1817
19:26:32,-78,-11,22,0.00E+00,1846
19:26:33,-81,-11,21,0.00E+00,1815
19:26:34,-80,-11,21,0.00E+00,1838
19:26:35,-83,-11,22,0.00E+00,1833
19:26:36,-80,-11,22,0.00E+00,1839
19:26:37,-79,-11,22,0.00E+00,1819
19:26:38,-84,-11,22,0.00E+00,1832
19:26:39,-78,-11,21,0.00E+00,1839
19:26:40,-80,-11,21,0.00E+00,1827
19:26:41,-84,-11,23,0.00E+00,1834
19:26:42,-87,-11,23,0.00E+00,1830
19:26:43,,,,0.00E+00,1823
19:26:44,-79,-11,19,0.00E+00,1818
19:26:45,-74,-11,22,0.00E+00,1848
19:26:46,-75,-11,24,0.00E+00,1837
19:26:47,-76,-11,24,0.00E+00,1836
19:26:48,-75,-11,29,0.00E+00,1812
19:26:49,-74,-11,29,0.00E+00,1842
19:26:50,-76,-11,27,0.00E+00,1833
19:26:51,-72,-11,27,0.00E+00,1832
19:26:52,-75,-11,31,0.00E+00,1825
19:26:53,-73,-11,25,0.00E+00,1834
19:26:54,-77,-11,26,0.00E+00,1828
19:26:55,-80,-11,26,0.00E+00,1841
19:26:56,-82,-11,20,0.00E+00,1819
19:26:57,,,,0.00E+00,1841
19:26:58,-81,-11,20,0.00E+00,1823
19:26:59,-82,-11,20,0.00E+00,1831
19:27:00,-81,-11,20,0.00E+00,1829
19:27:01,-85,-11,20,0.00E+00,1834
19:27:02,-89,-11,21,0.00E+00,1835
19:27:03,-82,-11,21,0.00E+00,1833
19:27:04,-86,-11,21,0.00E+00,1815
19:27:05,-85,-11,21,0.00E+00,1848
19:27:06,-85,-11,21,0.00E+00,1821
19:27:07,-82,-11,21,0.00E+00,1835
19:27:08,-85,-11,21,0.00E+00,1835
19:27:09,-82,-11,21,0.00E+00,1817
19:27:10,-82,-11,22,0.00E+00,1844
19:27:11,,,,0.00E+00,1831
19:27:12,-81,-11,23,0.00E+00,1819
19:27:13,-83,-11,21,0.00E+00,1840
19:27:14,-84,-11,21,0.00E+00,1832
19:27:15,-82,-11,21,0.00E+00,1832
19:27:16,-81,-11,21,0.00E+00,1837
19:27:17,-81,-11,24,0.00E+00,1828
19:27:18,-83,-11,24,0.00E+00,1831
19:27:19,-81,-11,21,0.00E+00,1819
19:27:20,-84,-11,23,0.00E+00,1834
19:27:21,-82,-11,22,0.00E+00,1845
19:27:22,-82,-11,22,0.00E+00,1828
19:27:23,-79,-11,22,0.00E+00,1838
19:27:24,-79,-11,22,0.00E+00,1812
19:27:25,,,,0.00E+00,1841
19:27:26,-81,-11,22,0.00E+00,1836
19:27:27,-77,-11,24,0.00E+00,1831
19:27:28,-79,-11,24,0.00E+00,1827
19:27:29,-84,-11,22,0.00E+00,1827
19:27:30,-84,-11,22,0.00E+00,1837
19:27:31,-85,-11,22,0.00E+00,1828
19:27:32,-82,-11,21,0.00E+00,1835
19:27:33,-80,-11,21,0.00E+00,1822
19:27:34,-80,-11,21,0.00E+00,1836
19:27:35,-81,-11,21,0.00E+00,1837
19:27:36,-82,-11,21,0.00E+00,1822
19:27:37,-80,-11,22,0.00E+00,1839
19:27:38,-82,-11,22,0.00E+00,1828
19:27:39,-83,-11,21,0.00E+00,1830
19:27:40,,,,0.00E+00,1838
19:27:41,-85,-11,21,0.00E+00,1829
19:27:42,-80,-11,21,0.00E+00,1832
19:27:43,-83,-11,21,0.00E+00,1826
19:27:44,-82,-11,21,0.00E+00,1833
19:27:45,-83,-11,21,0.00E+00,1831
19:27:46,-84,-11,22,0.00E+00,1826
19:27:47,-82,-11,22,0.00E+00,1824
19:27:48,-86,-11,22,0.00E+00,1845
19:27:49,-86,-11,22,0.00E+00,1810
19:27:50,-85,-11,20,0.00E+00,1846
19:27:51,-85,-11,20,0.00E+00,1836
19:27:52,-84,-11,20,0.00E+00,1823
19:27:53,,,,0.00E+00,1836
19:27:54,-65,-11,21,0.00E+00,1836
19:27:55,-68,-11,21,0.00E+00,1821
19:27:56,-66,-11,28,0.00E+00,1843
19:27:57,-67,-11,29,0.00E+00,1827
19:27:58,-67,-11,30,0.00E+00,1828
19:27:59,-64,-11,30,0.00E+00,1830
19:28:00,-66,-11,30,0.00E+00,1833
19:28:01,-66,-11,30,0.00E+00,1833
19:28:02,-66,-11,31,0.00E+00,1830
19:28:03,-76,-11,31,0.00E+00,1829
19:28:04,-69,-11,30,0.00E+00,1830
19:28:05,-66,-11,30,0.00E+00,1837
19:28:06,-71,-11,31,0.00E+00,1828
19:28:07,,,,0.00E+00,1831
19:28:08,-72,-11,31,0.00E+00,1827
19:28:09,-69,-11,30,0.00E+00,1841
19:28:10,-71,-11,30,0.00E+00,1822
19:28:11,-73,-11,30,0.00E+00,1834
19:28:12,-70,-11,30,0.00E+00,1829
19:28:13,-68,-11,29,0.00E+00,1835
19:28:14,-67,-11,31,0.00E+00,1823
19:28:15,-71,-11,31,0.00E+00,1839
19:28:16,-69,-11,31,0.00E+00,1835
19:28:17,-69,-11,30,0.00E+00,1827
19:28:18,-68,-11,30,0.00E+00,1835
19:28:19,-69,-11,30,0.00E+00,1823
19:28:20,,,,0.00E+00,1836
19:28:21,-66,-11,30,0.00E+00,1829
19:28:22,-70,-11,30,0.00E+00,1825
19:28:23,-66,-11,30,0.00E+00,1839
19:28:24,-70,-11,29,0.00E+00,1828
19:28:25,-72,-11,29,0.00E+00,1832
19:28:26,-68,-11,29,0.00E+00,1830
19:28:27,-71,-11,30,0.00E+00,1832
19:28:28,-68,-11,30,0.00E+00,1830
19:28:29,-67,-11,29,0.00E+00,1830
19:28:30,-73,-11,29,0.00E+00,1838
19:28:31,-71,-11,29,0.00E+00,1822
19:28:32,-71,-11,31,0.00E+00,1833
19:28:33,-70,-11,30,0.00E+00,1837
19:28:34,-76,-11,30,0.00E+00,1825
19:28:35,,,,0.00E+00,1836
19:28:36,-71,-11,30,0.00E+00,1833
19:28:37,-75,-11,30,0.00E+00,1832
19:28:38,-67,-11,31,0.00E+00,1827
19:28:39,-72,-11,29,0.00E+00,1825
19:28:40,-72,-11,31,0.00E+00,1835
19:28:41,-72,-11,31,0.00E+00,1834
19:28:42,-70,-11,31,0.00E+00,1836
19:28:43,-72,-11,31,0.00E+00,1831
19:28:44,-69,-11,29,0.00E+00,1826
19:28:45,-73,-11,29,0.00E+00,1827
19:28:46,-72,-11,29,0.00E+00,1839
19:28:47,-71,-11,29,0.00E+00,1829
19:28:48,-69,-11,30,0.00E+00,1828
19:28:49,,,,0.00E+00,1832
19:28:50,-70,-11,30,0.00E+00,1833
19:28:51,-68,-11,29,0.00E+00,1826
19:28:52,-72,-11,30,0.00E+00,1839
19:28:53,-70,-11,30,0.00E+00,1831
19:28:54,-68,-11,30,0.00E+00,1823
19:28:55,-67,-11,30,0.00E+00,1833
19:28:56,-74,-11,31,0.00E+00,1836
19:28:57,-68,-11,31,0.00E+00,1832
19:28:58,-68,-11,30,0.00E+00,1825
19:28:59,-68,-11,30,0.00E+00,1828
19:29:00,-67,-11,31,0.00E+00,1845
19:29:01,-66,-11,31,0.00E+00,1822
19:29:02,,,,0.00E+00,1829
19:29:03,-75,-11,31,0.00E+00,1839
19:29:04,-74,-11,31,0.00E+00,1833
19:29:05,-71,-11,30,0.00E+00,1829
19:29:06,-71,-11,30,0.00E+00,1828
19:29:07,-71,-11,30,0.00E+00,1831
19:29:08,-70,-11,30,0.00E+00,1835
19:29:09,-69,-11,30,0.00E+00,1830
19:29:10,-69,-11,30,0.00E+00,1832
19:29:11,-70,-11,28,0.00E+00,1832
19:29:12,-77,-11,28,0.00E+00,1824
19:29:13,-76,-11,28,0.00E+00,1826
19:29:14,-72,-11,29,0.00E+00,1837
19:29:15,-71,-11,28,0.00E+00,1836
19:29:16,-71,-11,28,0.00E+00,1823
19:29:17,,,,0.00E+00,1836
19:29:18,-72,-11,28,0.00E+00,1832
19:29:19,-73,-11,28,0.00E+00,1825
19:29:20,-79,-11,28,0.00E+00,1837
19:29:21,-78,-11,29,0.00E+00,1826
19:29:22,-76,-11,29,0.00E+00,1809
19:29:23,-76,-11,27,0.00E+00,1857
19:29:24,-81,-11,27,0.00E+00,1837
19:29:25,-76,-11,29,0.00E+00,1825
19:29:26,-78,-11,30,0.00E+00,1823
19:29:27,-78,-11,30,0.00E+00,1835
19:29:28,-80,-11,30,0.00E+00,1836
19:29:29,-79,-11,29,0.00E+00,1836
19:29:30,-77,-11,29,0.00E+00,1813
19:29:31,,,,0.00E+00,1833
19:29:32,-79,-11,30,0.00E+00,1835
19:29:33,-76,-11,30,0.00E+00,1835
19:29:34,-73,-11,29,0.00E+00,1825
19:29:35,-74,-11,29,0.00E+00,1830
19:29:36,-74,-11,25,0.00E+00,1840
19:29:37,-76,-11,25,0.00E+00,1825
19:29:38,-76,-11,25,0.00E+00,1840
19:29:39,-78,-11,25,0.00E+00,1832
19:29:40,-76,-11,25,0.00E+00,1786
19:29:41,-74,-11,25,0.00E+00,1870
19:29:42,-74,-11,24,0.00E+00,1821
19:29:43,-77,-11,24,0.00E+00,1840
19:29:44,-76,-11,24,0.00E+00,1818
19:29:45,,,,0.00E+00,1848
19:29:46,-75,-11,25,0.00E+00,1836
19:29:47,-74,-11,25,0.00E+00,1825
19:29:48,-74,-11,25,0.00E+00,1828
19:29:49,-76,-11,25,0.00E+00,1834
19:29:50,-75,-11,25,0.00E+00,1828
19:29:51,-77,-11,25,0.00E+00,1805
19:29:52,-74,-11,26,0.00E+00,1854
19:29:53,-79,-11,26,0.00E+00,1836
19:29:54,-71,-11,28,0.00E+00,1834
19:29:55,-70,-11,28,0.00E+00,1828
19:29:56,-68,-11,30,0.00E+00,1836
19:29:57,-69,-11,30,0.00E+00,1835
19:29:58,-67,-11,30,0.00E+00,1825
19:29:59,,,,0.00E+00,1827
19:30:00,-74,-11,30,0.00E+00,1835
19:30:01,-70,-11,30,0.00E+00,1830
19:30:02,-66,-11,30,0.00E+00,1814
19:30:03,-70,-11,30,0.00E+00,1851
19:30:04,-70,-11,30,0.00E+00,1835
19:30:05,-69,-11,30,0.00E+00,1825
19:30:06,-72,-11,30,0.00E+00,1834
19:30:07,-74,-11,29,0.00E+00,1822
19:30:08,-77,-11,27,0.00E+00,1835
19:30:09,-73,-11,29,0.00E+00,1818
19:30:10,-72,-11,29,0.00E+00,1847
19:30:11,-76,-11,28,0.00E+00,1840
19:30:12,-75,-11,28,0.00E+00,1813
19:30:13,,,,0.00E+00,1850
19:30:14,-74,-11,28,0.00E+00,1826
19:30:15,-71,-11,29,0.00E+00,1834
19:30:16,-70,-11,29,0.00E+00,1827
19:30:17,-71,-11,28,0.00E+00,1836
19:30:18,-68,-11,29,0.00E+00,1823
19:30:19,-70,-11,29,0.00E+00,1835
19:30:20,-72,-11,29,0.00E+00,1834
19:30:21,-71,-11,29,0.00E+00,1826
19:30:22,-77,-11,29,0.00E+00,1827
19:30:23,-76,-11,23,0.00E+00,1835
19:30:24,-80,-11,23,0.00E+00,1832
19:30:25,-75,-11,22,0.00E+00,1828
19:30:26,-79,-11,23,0.00E+00,1828
19:30:27,-78,-11,23,0.00E+00,1838
19:30:28,,,,0.00E+00,1834
19:30:29,-76,-11,23,0.00E+00,1829
19:30:30,-74,-11,22,0.00E+00,1832
19:30:31,-77,-11,22,0.00E+00,1818
19:30:32,-76,-11,22,0.00E+00,1839
19:30:33,-73,-11,22,0.00E+00,1832
19:30:34,-76,-11,22,0.00E+00,1830
19:30:35,-77,-11,21,0.00E+00,1834
19:30:36,-76,-11,22,0.00E+00,1824
19:30:37,-77,-11,22,0.00E+00,1834
19:30:38,-81,-11,21,0.00E+00,1835
19:30:39,-75,-11,21,0.00E+00,1829
19:30:40,-75,-11,21,0.00E+00,1829
19:30:41,,,,0.00E+00,1836
19:30:42,-75,-11,22,0.00E+00,1834
19:30:43,-79,-11,22,0.00E+00,1828
19:30:44,-74,-11,24,0.00E+00,1830
19:30:45,-75,-11,23,0.00E+00,1821
19:30:46,-78,-11,22,0.00E+00,1830
19:30:47,-82,-12,22,0.00E+00,1837
19:30:48,-80,-11,22,0.00E+00,1834
19:30:49,-81,-11,22,0.00E+00,1827
19:30:50,-83,-11,22,0.00E+00,1828
19:30:51,-88,-11,22,0.00E+00,1763
19:30:52,-86,-11,17,2.00E-01,1553
19:30:53,-85,-11,24,5.00E-03,2186
19:30:54,-85,-11,19,0.00E+00,1824
19:30:55,-90,-11,19,0.00E+00,1835
19:30:56,,,,0.00E+00,1832
19:30:57,-86,-11,21,0.00E+00,1828
19:30:58,-89,-11,21,0.00E+00,1824
19:30:59,-88,-11,20,0.00E+00,1832
19:31:00,-89,-11,20,0.00E+00,1840
19:31:01,-89,-11,20,0.00E+00,1828
19:31:02,-89,-11,22,0.00E+00,1835
19:31:03,-87,-11,20,0.00E+00,1835
19:31:04,-88,-11,20,0.00E+00,1818
19:31:05,-89,-11,19,0.00E+00,1835
19:31:06,-88,-11,19,0.00E+00,1833
19:31:07,-88,-11,19,0.00E+00,1830
19:31:08,-87,-11,22,0.00E+00,1841
19:31:09,-87,-11,22,0.00E+00,1828
19:31:10,,,,0.00E+00,1822
19:31:11,-88,-11,20,0.00E+00,1842
19:31:12,-91,-11,21,0.00E+00,1824
19:31:13,-89,-11,20,0.00E+00,1835
19:31:14,-90,-11,20,0.00E+00,1828
19:31:15,-89,-11,20,0.00E+00,1827
19:31:16,-91,-11,20,0.00E+00,1840
19:31:17,-90,-11,20,0.00E+00,1823
19:31:18,-86,-11,20,0.00E+00,1839
19:31:19,-85,-11,20,0.00E+00,1830
19:31:20,-88,-11,20,0.00E+00,1836
19:31:21,-88,-11,23,0.00E+00,1823
19:31:22,-86,-11,23,0.00E+00,1839
19:31:23,-85,-11,20,0.00E+00,1828
19:31:24,,,,0.00E+00,1826
19:31:25,-88,-11,20,0.00E+00,1832
19:31:26,-86,-11,20,0.00E+00,1820
19:31:27,-88,-11,23,0.00E+00,1849
19:31:28,-89,-11,21,0.00E+00,1825
19:31:29,-87,-11,21,0.00E+00,1825
19:31:30,-86,-11,20,0.00E+00,1841
19:31:31,-84,-11,20,0.00E+00,1833
19:31:32,-92,-12,19,1.00E-01,1470
19:31:33,-89,-11,19,3.00E-01,1831
19:31:34,-84,-12,19,2.00E-01,1851
19:31:35,-82,-11,16,7.00E-02,1906
19:31:36,-82,-11,16,0.00E+00,2034
19:31:37,-74,-11,20,0.00E+00,1889
19:31:38,,,,0.00E+00,1834
19:31:39,-82,-11,24,0.00E+00,1667
19:31:40,-82,-11,25,1.00E-01,1655
19:31:41,-87,-12,25,1.00E-02,1810
19:31:42,-87,-11,17,7.00E-02,1838
19:31:43,-86,-12,17,3.00E-01,1853
19:31:44,-92,-12,15,3.00E-01,1803
19:31:45,-114,-19,13,6.00E-01,1811
19:31:46,-113,-23,2,8.00E-01,1832
19:31:47,-106,-18,4,7.00E-01,1849
19:31:48,-108,-17,5,5.00E-01,1831
19:31:49,-107,-17,5,5.00E-01,1830
19:31:50,-113,-20,2,5.00E-01,1832
19:31:51,-100,-16,2,5.00E-01,1828
19:31:52,,,,4.00E-01,1834
19:31:53,-98,-13,3,4.00E-01,1838
19:31:54,-95,-11,7,1.00E-01,1850
19:31:55,-95,-11,11,5.00E-02,1813
19:31:56,-93,-11,11,6.00E-02,1924
19:31:57,-98,-11,11,0.00E+00,1931
19:31:58,-100,-12,11,2.00E-01,1636
19:31:59,-107,-13,10,2.00E-01,1821
19:32:00,-105,-14,10,2.00E-01,1846
19:32:01,-104,-12,9,1.00E-01,1823
19:32:02,-103,-13,10,2.00E-01,1828
19:32:03,-97,-13,10,2.00E-01,1834
19:32:04,-102,-12,11,1.00E-01,1828
19:32:05,-100,-12,13,2.00E-01,1822
19:32:06,,,,1.00E-01,1848
19:32:07,-98,-13,8,2.00E-01,1832
19:32:08,-97,-12,8,1.00E-02,1870
19:32:09,-99,-12,7,1.00E-01,1793
19:32:10,-103,-14,7,2.00E-01,1830
19:32:11,-100,-12,7,2.00E-01,1832
19:32:12,-100,-12,11,2.00E-01,1825
19:32:13,-99,-11,8,2.00E-01,1834
19:32:14,-100,-12,10,2.00E-01,1830
19:32:15,-100,-13,10,9.00E-02,1835
19:32:16,-98,-12,10,9.00E-03,1973
19:32:17,-97,-12,10,0.00E+00,1871
19:32:18,-104,-13,10,0.00E+00,1778
19:32:19,-101,-12,10,0.00E+00,1726
19:32:20,,,,5.00E-02,1850
19:32:21,-97,-11,8,0.00E+00,1997
19:32:22,-98,-11,7,0.00E+00,1870
19:32:23,-98,-12,7,0.00E+00,1924
19:32:24,-98,-11,15,0.00E+00,1830
19:32:25,-99,-12,15,0.00E+00,1721
19:32:26,-98,-12,14,0.00E+00,1613
19:32:27,-97,-11,14,3.00E-01,1808
19:32:28,-97,-11,12,3.00E-01,1844
19:32:29,-99,-12,7,6.00E-02,1828
19:32:30,-101,-13,7,2.00E-01,1829
19:32:31,-100,-11,11,2.00E-01,1826
19:32:32,-99,-12,6,3.00E-02,1850
19:32:33,-96,-12,7,2.00E-01,1815
19:32:34,,,,1.00E-01,1841
19:32:35,-97,-12,7,6.00E-02,1825
19:32:36,-100,-12,12,2.00E-01,1828
19:32:37,-97,-12,12,2.00E-01,1834
19:32:38,-99,-12,9,2.00E-01,1837
19:32:39,-100,-13,5,1.00E-01,1832
19:32:40,-95,-12,5,9.00E-02,1811
19:32:41,-98,-13,6,9.00E-02,1844
19:32:42,-100,-12,6,5.00E-02,1832
19:32:43,-95,-12,6,2.00E-02,1832
19:32:44,-97,-13,5,3.00E-02,1845
19:32:45,-98,-13,5,1.00E-01,1823
19:32:46,-100,-13,3,1.00E-01,1817
19:32:47,-90,-12,6,8.00E-02,1957
19:32:48,,,,1.00E-01,1712
19:32:49,-98,-12,10,2.00E-01,1839
19:32:50,-105,-13,10,1.00E-01,1821
19:32:51,-104,-14,4,1.00E-02,1833
19:32:52,-102,-12,4,2.00E-01,1826
19:32:53,-101,-12,5,3.00E-01,1838
19:32:54,-104,-14,5,3.00E-01,1829
19:32:55,-103,-13,4,3.00E-01,1828
19:32:56,-101,-12,6,3.00E-01,1831
19:32:57,-97,-12,4,9.00E-02,1835
19:32:58,-99,-13,4,2.00E-01,1828
19:32:59,-107,-15,4,2.00E-01,1838
19:33:00,-107,-14,4,6.00E-03,1902
19:33:01,-103,-12,4,2.00E-01,1759
19:33:02,-99,-12,5,2.00E-01,1827
19:33:03,,,,9.00E-02,1826
19:33:04,-104,-13,5,1.00E-01,1841
19:33:05,-103,-12,5,1.00E-01,1828
19:33:06,-101,-12,6,9.00E-02,1880
19:33:07,-104,-14,8,0.00E+00,1888
19:33:08,-103,-14,8,4.00E-02,1728
19:33:09,-104,-14,9,2.00E-01,1823
19:33:10,-101,-14,9,2.00E-01,1838
19:33:11,-104,-15,2,2.00E-01,1826
19:33:12,-98,-13,2,3.00E-01,1836
19:33:13,-101,-13,4,1.00E-01,1828
