Time,<RSRP>,<RSRQ>,<SINR>,Cluster,Actual State
23:50:55,-55.0,-11.0,34.0,0,2
23:50:56,-55.0,-11.0,33.0,0,2
23:50:57,-56.0,-11.0,33.0,0,2
23:50:58,-56.0,-11.0,33.0,0,2
23:50:59,-56.0,-11.0,33.0,0,0
23:51:00,-56.0,-11.0,33.0,0,0
23:51:01,-56.0,-11.0,33.0,0,0
23:51:02,-56.0,-11.0,33.0,0,0
23:51:03,-56.0,-11.0,33.0,0,0
23:51:04,-56.0,-11.0,33.0,0,0
23:51:05,-56.0,-11.0,33.0,0,0
23:51:06,-55.0,-11.0,35.0,0,0
23:51:07,-56.0,-11.0,33.0,0,0
23:51:08,-56.0,-11.0,33.0,0,0
23:51:09,-55.0,-11.0,33.0,0,0
23:51:10,-57.0,-11.0,33.0,0,0
23:51:11,-56.0,-11.0,33.0,0,0
23:51:12,-56.0,-11.0,33.0,0,0
23:51:13,-56.0,-11.0,33.0,0,0
23:51:14,-56.0,-11.0,33.0,0,0
23:51:15,-56.0,-11.0,33.0,0,0
23:51:16,-56.0,-11.0,33.0,0,0
23:51:17,-56.0,-11.0,33.0,0,0
23:51:18,-56.0,-11.0,33.0,0,0
23:51:19,-56.0,-11.0,33.0,0,0
23:51:20,-56.0,-11.0,34.0,0,0
23:51:21,-56.0,-11.0,34.0,0,0
23:51:22,-56.0,-11.0,34.0,0,0
23:51:23,-56.0,-11.0,33.0,0,0
23:51:24,-56.0,-11.0,33.0,0,0
23:51:25,-56.0,-11.0,33.0,0,0
23:51:26,-56.0,-11.0,33.0,0,0
23:51:27,-56.0,-11.0,33.0,0,0
23:51:28,-56.0,-11.0,33.0,0,0
23:51:29,-56.0,-11.0,33.0,0,0
23:51:30,-56.0,-11.0,35.0,0,0
23:51:31,-57.0,-11.0,35.0,0,0
23:51:32,-56.0,-11.0,34.0,0,0
23:51:33,-56.0,-11.0,33.0,0,0
23:51:34,-56.0,-11.0,33.0,0,0
23:51:35,-56.0,-11.0,33.0,0,0
23:51:36,-56.0,-11.0,33.0,0,0
23:51:37,-56.0,-11.0,33.0,0,0
23:51:38,-56.0,-11.0,33.0,0,0
23:51:39,-56.0,-11.0,33.0,0,0
23:51:40,-56.0,-11.0,33.0,0,0
23:51:41,-56.0,-11.0,33.0,0,0
23:51:42,-56.0,-11.0,33.0,0,0
23:51:43,-56.0,-11.0,33.0,0,0
23:51:44,-56.0,-11.0,33.0,0,0
23:51:45,-56.0,-11.0,33.0,0,0
23:51:46,-56.0,-11.0,33.0,0,0
23:51:47,-56.0,-11.0,35.0,0,0
23:51:48,-56.0,-11.0,33.0,0,0
23:51:49,-56.0,-11.0,33.0,0,0
23:51:50,-56.0,-11.0,33.0,0,0
23:51:51,-56.0,-11.0,33.0,0,0
23:51:52,-56.0,-11.0,34.0,0,0
23:51:53,-56.0,-11.0,34.0,0,0
23:51:54,-57.0,-11.0,33.0,0,0
23:51:55,-56.0,-11.0,33.0,0,0
23:51:56,-56.0,-11.0,33.0,0,0
23:51:57,-56.0,-11.0,33.0,0,0
23:51:58,-56.0,-11.0,33.0,0,0
23:51:59,-56.0,-11.0,33.0,0,0
23:52:00,-56.0,-11.0,33.0,0,0
23:52:01,-56.0,-11.0,33.0,0,0
23:52:02,-56.0,-11.0,33.0,0,0
23:52:03,-56.0,-11.0,33.0,0,0
23:52:04,-56.0,-11.0,33.0,0,0
23:52:05,-56.0,-11.0,33.0,0,0
23:52:06,-56.0,-11.0,34.0,0,0
23:52:07,-56.0,-11.0,33.0,0,0
23:52:08,-56.0,-11.0,33.0,0,0
23:52:09,-56.0,-11.0,33.0,0,0
23:52:10,-56.0,-11.0,33.0,0,0
23:52:11,-56.0,-11.0,33.0,0,0
23:52:12,-57.0,-11.0,33.0,0,0
23:52:13,-56.0,-11.0,33.0,0,0
23:52:14,-56.0,-11.0,33.0,0,0
23:52:15,-56.0,-11.0,33.0,0,0
23:52:16,-56.0,-11.0,33.0,0,0
23:52:17,-56.0,-11.0,33.0,0,0
23:52:18,-56.0,-11.0,33.0,0,0
23:52:19,-56.0,-11.0,33.0,0,0
23:52:20,-56.0,-11.0,33.0,0,0
23:52:21,-57.0,-11.0,33.0,0,0
23:52:22,-57.0,-11.0,33.0,0,0
23:52:23,-56.0,-11.0,33.0,0,0
23:52:24,-56.0,-11.0,34.0,0,0
23:52:25,-56.0,-11.0,34.0,0,0
23:52:26,-57.0,-11.0,33.0,0,0
23:52:27,-57.0,-11.0,33.0,0,0
23:52:28,-56.0,-11.0,34.0,0,0
23:52:29,-57.0,-11.0,34.0,0,0
23:52:30,-57.0,-11.0,33.0,0,0
23:52:31,-56.0,-11.0,33.0,0,0
23:52:32,-56.0,-11.0,33.0,0,0
23:52:33,-56.0,-11.0,33.0,0,0
23:52:34,-56.0,-11.0,34.0,0,0
23:52:35,-56.0,-11.0,33.0,0,0
23:52:36,-56.0,-11.0,33.0,0,0
23:52:37,-56.0,-11.0,33.0,0,0
23:52:38,-56.0,-11.0,33.0,0,0
23:52:39,-57.0,-11.0,34.0,0,0
23:52:40,-57.0,-11.0,34.0,0,0
23:52:41,-56.0,-11.0,34.0,0,0
23:52:42,-56.0,-11.0,34.0,0,0
23:52:43,-57.0,-11.0,33.0,0,0
23:52:44,-56.0,-11.0,33.0,0,0
23:52:45,-57.0,-11.0,33.0,0,0
23:52:46,-56.0,-11.0,33.0,0,0
23:52:47,-56.0,-11.0,33.0,0,0
23:52:48,-57.0,-11.0,33.0,0,0
23:52:49,-56.0,-11.0,33.0,0,0
23:52:50,-56.0,-11.0,33.0,0,0
23:52:51,-56.0,-11.0,33.0,0,0
23:52:52,-57.0,-11.0,33.0,0,0
23:52:53,-56.0,-11.0,33.0,0,0
23:52:54,-56.0,-11.0,34.0,0,0
23:52:55,-56.0,-11.0,35.0,0,0
23:52:56,-56.0,-11.0,35.0,0,0
23:52:57,-56.0,-11.0,33.0,0,0
23:52:58,-57.0,-11.0,33.0,0,0
23:52:59,-56.0,-11.0,33.0,0,0
23:53:00,-56.0,-11.0,33.0,0,0
23:53:01,-56.0,-11.0,33.0,0,0
23:53:02,-56.0,-11.0,33.0,0,0
23:53:03,-56.0,-11.0,33.0,0,0
23:53:04,-56.0,-11.0,33.0,0,0
23:53:05,-56.0,-11.0,33.0,0,0
23:53:06,-56.0,-11.0,33.0,0,0
23:53:07,-56.0,-11.0,33.0,0,0
23:53:08,-56.0,-11.0,33.0,0,0
23:53:09,-55.0,-11.0,33.0,0,0
23:53:10,-56.0,-11.0,33.0,0,0
23:53:11,-56.0,-11.0,33.0,0,0
23:53:12,-56.0,-11.0,34.0,0,0
23:53:13,-56.0,-11.0,34.0,0,0
23:53:14,-56.0,-11.0,33.0,0,0
23:53:15,-56.0,-11.0,33.0,0,0
23:53:16,-56.0,-11.0,33.0,0,0
23:53:17,-56.0,-11.0,34.0,0,0
23:53:18,-56.0,-11.0,34.0,0,0
23:53:19,-56.0,-11.0,33.0,0,0
23:53:20,-56.0,-11.0,33.0,0,0
23:53:21,-56.0,-11.0,34.0,0,0
23:53:22,-56.0,-11.0,34.0,0,0
23:53:23,-56.0,-11.0,34.0,0,0
23:53:24,-56.0,-11.0,33.0,0,0
23:53:25,-56.0,-11.0,33.0,0,0
23:53:26,-56.0,-11.0,34.0,0,0
23:53:27,-56.0,-11.0,33.0,0,0
23:53:28,-57.0,-11.0,33.0,0,0
23:53:29,-57.0,-11.0,33.0,0,0
23:53:30,-56.0,-11.0,33.0,0,0
23:53:31,-56.0,-11.0,34.0,0,0
23:53:32,-56.0,-11.0,34.0,0,0
23:53:33,-56.0,-11.0,33.0,0,0
23:53:34,-56.0,-11.0,33.0,0,0
23:53:35,-56.0,-11.0,33.0,0,0
23:53:36,-56.0,-11.0,33.0,0,0
23:53:37,-56.0,-11.0,34.0,0,0
23:53:38,-56.0,-11.0,34.0,0,0
23:53:39,-56.0,-11.0,33.0,0,0
23:53:40,-56.0,-11.0,33.0,0,0
23:53:41,-57.0,-11.0,33.0,0,0
23:53:42,-56.0,-11.0,33.0,0,0
23:53:43,-56.0,-11.0,33.0,0,0
23:53:44,-56.0,-11.0,33.0,0,0
23:53:45,-56.0,-11.0,33.0,0,0
23:53:46,-56.0,-11.0,33.0,0,0
23:53:47,-56.0,-11.0,33.0,0,0
23:53:48,-56.0,-11.0,33.0,0,0
23:53:49,-56.0,-11.0,33.0,0,0
23:53:50,-56.0,-11.0,33.0,0,0
23:53:51,-57.0,-11.0,33.0,0,0
23:53:52,-56.0,-11.0,33.0,0,0
23:53:53,-56.0,-11.0,33.0,0,0
23:53:54,-56.0,-11.0,33.0,0,0
23:53:55,-56.0,-11.0,33.0,0,0
23:53:56,-57.0,-11.0,33.0,0,0
23:53:57,-56.0,-11.0,33.0,0,0
23:53:58,-56.0,-11.0,33.0,0,0
23:53:59,-56.0,-11.0,33.0,0,0
23:54:00,-57.0,-11.0,33.0,0,0
23:54:01,-56.0,-11.0,33.0,0,0
23:54:02,-56.0,-11.0,33.0,0,0
23:54:03,-56.0,-11.0,33.0,0,0
23:54:04,-57.0,-11.0,33.0,0,0
23:54:05,-56.0,-11.0,33.0,0,0
23:54:06,-57.0,-11.0,33.0,0,0
23:54:07,-57.0,-11.0,33.0,0,0
23:54:08,-55.0,-11.0,34.0,0,0
23:54:09,-57.0,-11.0,34.0,0,0
23:54:10,-59.0,-11.0,34.0,0,0
23:54:11,-58.0,-11.0,34.0,0,0
23:54:12,-58.0,-11.0,34.0,0,0
23:54:13,-58.0,-11.0,33.0,0,0
23:54:14,-57.0,-11.0,33.0,0,0
23:54:15,-58.0,-11.0,33.0,0,0
23:54:16,-57.0,-11.0,33.0,0,0
23:54:17,-56.0,-11.0,33.0,0,0
23:54:18,-57.0,-11.0,33.0,0,0
23:54:19,-62.0,-11.0,33.0,0,0
23:54:20,-63.0,-11.0,34.0,0,0
23:54:21,-57.0,-11.0,32.0,0,0
23:54:22,-56.0,-11.0,33.0,0,0
23:54:23,-60.0,-11.0,33.0,0,0
23:54:24,-61.0,-11.0,32.0,0,0
23:54:25,-66.0,-11.0,32.0,0,0
23:54:26,-66.0,-11.0,32.0,0,0
23:54:27,-64.0,-11.0,32.0,0,0
23:54:28,-62.0,-11.0,31.0,0,0
23:54:29,-62.0,-11.0,32.0,0,0
23:54:30,-64.0,-11.0,32.0,0,0
23:54:31,-64.0,-11.0,32.0,0,0
23:54:32,-62.0,-11.0,32.0,0,0
23:54:33,-65.0,-11.0,32.0,0,0
23:54:34,-64.0,-11.0,32.0,0,0
23:54:35,-64.0,-11.0,31.0,0,0
23:54:36,-64.0,-11.0,32.0,0,0
23:54:37,-63.0,-11.0,31.0,0,0
23:54:38,-68.0,-11.0,31.0,0,0
23:54:39,-68.0,-11.0,31.0,0,0
23:54:40,-71.0,-11.0,31.0,0,0
23:54:41,-68.0,-11.0,31.0,0,0
23:54:42,-66.0,-11.0,31.0,0,0
23:54:43,-65.0,-11.0,32.0,0,0
23:54:44,-63.0,-11.0,32.0,0,0
23:54:45,-57.0,-11.0,31.0,0,0
23:54:46,-61.0,-11.0,31.0,0,0
23:54:47,-61.0,-11.0,31.0,0,0
23:54:48,-62.0,-11.0,32.0,0,0
23:54:49,-60.0,-11.0,33.0,0,0
23:54:50,-67.0,-11.0,33.0,0,0
23:54:51,-62.0,-11.0,31.0,0,0
23:54:52,-64.0,-11.0,31.0,0,0
23:54:53,-64.0,-11.0,31.0,0,0
23:54:54,-65.0,-11.0,31.0,0,0
23:54:55,-62.0,-11.0,32.0,0,0
23:54:56,-62.0,-11.0,33.0,0,0
23:54:57,-63.0,-11.0,33.0,0,0
23:54:58,-62.0,-11.0,33.0,0,0
23:54:59,-63.0,-11.0,33.0,0,0
23:55:00,-62.0,-11.0,32.0,0,0
23:55:01,-64.0,-11.0,32.0,0,0
23:55:02,-62.0,-11.0,32.0,0,0
23:55:03,-64.0,-11.0,32.0,0,0
23:55:04,-65.0,-11.0,32.0,0,0
23:55:05,-64.0,-11.0,32.0,0,0
23:55:06,-64.0,-11.0,32.0,0,0
23:55:07,-64.0,-11.0,32.0,0,0
23:55:08,-66.0,-11.0,32.0,0,0
23:55:09,-64.0,-11.0,32.0,0,0
23:55:10,-64.0,-11.0,32.0,0,0
23:55:11,-64.0,-11.0,32.0,0,0
23:55:12,-62.0,-11.0,32.0,0,0
23:55:13,-63.0,-11.0,32.0,0,0
23:55:14,-64.0,-11.0,32.0,0,0
23:55:15,-64.0,-11.0,32.0,0,0
23:55:16,-63.0,-11.0,32.0,0,0
23:55:17,-63.0,-11.0,32.0,0,0
23:55:18,-64.0,-11.0,32.0,0,0
23:55:19,-64.0,-11.0,32.0,0,0
23:55:20,-64.0,-11.0,32.0,0,0
23:55:21,-63.0,-11.0,32.0,0,0
23:55:22,-63.0,-11.0,32.0,0,0
23:55:23,-63.0,-11.0,32.0,0,0
23:55:24,-62.0,-11.0,32.0,0,0
23:55:25,-62.0,-11.0,32.0,0,0
23:55:26,-62.0,-11.0,33.0,0,0
23:55:27,-64.0,-11.0,33.0,0,0
23:55:28,-65.0,-11.0,32.0,0,0
23:55:29,-64.0,-11.0,32.0,0,0
23:55:30,-64.0,-11.0,32.0,0,0
23:55:31,-64.0,-11.0,32.0,0,0
23:55:32,-64.0,-11.0,32.0,0,0
23:55:33,-63.0,-11.0,32.0,0,0
23:55:34,-63.0,-11.0,32.0,0,0
23:55:35,-63.0,-11.0,32.0,0,0
23:55:36,-64.0,-11.0,32.0,0,0
23:55:37,-64.0,-11.0,32.0,0,0
23:55:38,-65.0,-11.0,32.0,0,0
23:55:39,-63.0,-11.0,32.0,0,0
23:55:40,-64.0,-11.0,32.0,0,0
23:55:41,-65.0,-11.0,32.0,0,0
23:55:42,-62.0,-11.0,32.0,0,0
23:55:43,-61.0,-11.0,32.0,0,0
23:55:44,-62.0,-11.0,33.0,0,0
23:55:45,-62.0,-11.0,33.0,0,0
23:55:46,-63.0,-11.0,33.0,0,0
23:55:47,-63.0,-11.0,33.0,0,0
23:55:48,-63.0,-11.0,33.0,0,0
23:55:49,-63.0,-11.0,33.0,0,0
23:55:50,-62.0,-11.0,33.0,0,0
23:55:51,-64.0,-11.0,33.0,0,0
23:55:52,-63.0,-11.0,33.0,0,0
23:55:53,-65.0,-11.0,32.0,0,0
23:55:54,-63.0,-11.0,32.0,0,0
23:55:55,-65.0,-11.0,32.0,0,0
23:55:56,-64.0,-11.0,32.0,0,0
23:55:57,-63.0,-11.0,32.0,0,0
23:55:58,-62.0,-11.0,33.0,0,0
23:55:59,-63.0,-11.0,33.0,0,0
23:56:00,-63.0,-11.0,33.0,0,0
23:56:01,-63.0,-11.0,32.0,0,0
23:56:02,-63.0,-11.0,32.0,0,0
23:56:03,-63.0,-11.0,32.0,0,0
23:56:04,-62.0,-11.0,33.0,0,0
23:56:05,-61.0,-11.0,33.0,0,0
23:56:06,-62.0,-11.0,33.0,0,0
23:56:07,-61.0,-11.0,33.0,0,0
23:56:08,-61.0,-11.0,33.0,0,0
23:56:09,-62.0,-11.0,33.0,0,0
23:56:10,-62.0,-11.0,33.0,0,0
23:56:11,-62.0,-11.0,33.0,0,0
23:56:12,-62.0,-11.0,33.0,0,0
23:56:13,-61.0,-11.0,33.0,0,0
23:56:14,-62.0,-11.0,33.0,0,0
23:56:15,-63.0,-11.0,33.0,0,0
23:56:16,-63.0,-11.0,33.0,0,0
23:56:17,-64.0,-11.0,33.0,0,0
23:56:18,-62.0,-11.0,33.0,0,0
23:56:19,-62.0,-11.0,33.0,0,0
23:56:20,-61.0,-11.0,32.0,0,0
23:56:21,-62.0,-11.0,32.0,0,0
23:56:22,-61.0,-11.0,33.0,0,0
23:56:23,-63.0,-11.0,33.0,0,0
23:56:24,-62.0,-11.0,32.0,0,0
23:56:25,-63.0,-11.0,33.0,0,0
23:56:26,-63.0,-11.0,32.0,0,0
23:56:27,-63.0,-11.0,32.0,0,0
23:56:28,-63.0,-11.0,32.0,0,0
23:56:29,-63.0,-11.0,32.0,0,0
23:56:30,-63.0,-11.0,32.0,0,0
23:56:31,-65.0,-11.0,32.0,0,0
23:56:32,-64.0,-11.0,32.0,0,0
23:56:33,-63.0,-11.0,32.0,0,0
23:56:34,-65.0,-11.0,32.0,0,0
23:56:35,-63.0,-11.0,32.0,0,0
23:56:36,-64.0,-11.0,32.0,0,0
23:56:37,-64.0,-11.0,32.0,0,0
23:56:38,-64.0,-11.0,32.0,0,0
23:56:39,-64.0,-11.0,32.0,0,0
23:56:40,-63.0,-11.0,32.0,0,0
23:56:41,-64.0,-11.0,32.0,0,0
23:56:42,-65.0,-11.0,32.0,0,0
23:56:43,-65.0,-11.0,32.0,0,0
23:56:44,-63.0,-11.0,32.0,0,0
23:56:45,-63.0,-11.0,32.0,0,0
23:56:46,-66.0,-11.0,32.0,0,0
23:56:47,-64.0,-11.0,32.0,0,0
23:56:48,-64.0,-11.0,32.0,0,0
23:56:49,-62.0,-11.0,33.0,0,0
23:56:50,-63.0,-11.0,33.0,0,0
23:56:51,-62.0,-11.0,33.0,0,0
23:56:52,-62.0,-11.0,33.0,0,0
23:56:53,-63.0,-11.0,33.0,0,0
23:56:54,-63.0,-11.0,33.0,0,0
23:56:55,-61.0,-11.0,33.0,0,0
23:56:56,-63.0,-11.0,33.0,0,0
23:56:57,-63.0,-11.0,33.0,0,0
23:56:58,-61.0,-11.0,32.0,0,0
23:56:59,-62.0,-11.0,32.0,0,0
23:57:00,-63.0,-11.0,33.0,0,0
23:57:01,-63.0,-11.0,33.0,0,0
23:57:02,-64.0,-11.0,32.0,0,0
23:57:03,-63.0,-11.0,32.0,0,0
23:57:04,-65.0,-11.0,32.0,0,0
23:57:05,-63.0,-11.0,32.0,0,0
23:57:06,-63.0,-11.0,32.0,0,0
23:57:07,-65.0,-11.0,33.0,0,0
23:57:08,-64.0,-11.0,33.0,0,0
23:57:09,-65.0,-11.0,32.0,0,0
23:57:10,-66.0,-11.0,31.0,0,0
23:57:11,-66.0,-11.0,31.0,0,0
23:57:12,-68.0,-11.0,31.0,0,0
23:57:13,-64.0,-11.0,31.0,0,0
23:57:14,-68.0,-11.0,31.0,0,0
23:57:15,-66.0,-11.0,31.0,0,0
23:57:16,-67.0,-11.0,32.0,0,0
23:57:17,-67.0,-11.0,31.0,0,0
23:57:18,-70.0,-11.0,31.0,0,0
23:57:19,-69.0,-11.0,31.0,0,0
23:57:20,-65.0,-11.0,30.0,0,0
23:57:21,-67.0,-11.0,30.0,0,0
23:57:22,-68.0,-11.0,32.0,0,0
23:57:23,-68.0,-11.0,32.0,0,0
23:57:24,-66.0,-11.0,32.0,0,0
23:57:25,-66.0,-11.0,32.0,0,0
23:57:26,-65.0,-11.0,32.0,0,0
23:57:27,-67.0,-11.0,31.0,0,0
23:57:28,-68.0,-11.0,31.0,0,0
23:57:29,-65.0,-11.0,31.0,0,0
23:57:30,-66.0,-11.0,31.0,0,0
23:57:31,-66.0,-11.0,31.0,0,0
23:57:32,-65.0,-11.0,31.0,0,0
23:57:33,-66.0,-11.0,31.0,0,0
23:57:34,-65.0,-11.0,32.0,0,0
23:57:35,-66.0,-11.0,32.0,0,0
23:57:36,-67.0,-11.0,31.0,0,0
23:57:37,-68.0,-11.0,32.0,0,0
23:57:38,-69.0,-11.0,31.0,0,0
23:57:39,-69.0,-11.0,31.0,0,0
23:57:40,-69.0,-11.0,31.0,0,0
23:57:41,-68.0,-11.0,32.0,0,0
23:57:42,-71.0,-11.0,32.0,0,0
23:57:43,-65.0,-11.0,31.0,0,0
23:57:44,-68.0,-11.0,32.0,0,0
23:57:45,-67.0,-11.0,31.0,0,0
23:57:46,-70.0,-11.0,31.0,0,0
23:57:47,-65.0,-11.0,31.0,0,0
23:57:48,-70.0,-11.0,31.0,0,0
23:57:49,-65.0,-11.0,31.0,0,0
23:57:50,-67.0,-11.0,31.0,0,0
23:57:51,-68.0,-11.0,31.0,0,0
23:57:52,-66.0,-11.0,33.0,0,0
23:57:53,-67.0,-11.0,31.0,0,0
23:57:54,-67.0,-11.0,31.0,0,0
23:57:55,-68.0,-11.0,31.0,0,0
23:57:56,-67.0,-11.0,31.0,0,0
23:57:57,-66.0,-11.0,31.0,0,0
23:57:58,-67.0,-11.0,32.0,0,0
23:57:59,-67.0,-11.0,32.0,0,0
23:58:00,-66.0,-11.0,32.0,0,0
23:58:01,-65.0,-11.0,31.0,0,0
23:58:02,-67.0,-11.0,31.0,0,0
23:58:03,-66.0,-11.0,31.0,0,0
23:58:04,-67.0,-11.0,31.0,0,0
23:58:05,-68.0,-11.0,31.0,0,0
23:58:06,-66.0,-11.0,31.0,0,0
23:58:07,-69.0,-11.0,31.0,0,0
23:58:08,-69.0,-11.0,31.0,0,0
23:58:09,-65.0,-11.0,31.0,0,0
23:58:10,-66.0,-11.0,31.0,0,0
23:58:11,-66.0,-11.0,31.0,0,0
23:58:12,-71.0,-11.0,31.0,0,0
23:58:13,-65.0,-11.0,31.0,0,0
23:58:14,-67.0,-11.0,31.0,0,0
23:58:15,-68.0,-11.0,31.0,0,0
23:58:16,-67.0,-11.0,31.0,0,0
23:58:17,-70.0,-11.0,31.0,0,0
23:58:18,-68.0,-11.0,31.0,0,0
23:58:19,-67.0,-11.0,32.0,0,0
23:58:20,-68.0,-11.0,31.0,0,0
23:58:21,-68.0,-11.0,31.0,0,0
23:58:22,-66.0,-11.0,31.0,0,0
23:58:23,-65.0,-11.0,31.0,0,0
23:58:24,-67.0,-11.0,31.0,0,0
23:58:25,-68.0,-11.0,32.0,0,0
23:58:26,-68.0,-11.0,32.0,0,0
23:58:27,-65.0,-11.0,31.0,0,0
23:58:28,-69.0,-11.0,31.0,0,0
23:58:29,-69.0,-11.0,31.0,0,0
23:58:30,-69.0,-11.0,31.0,0,0
23:58:31,-66.0,-11.0,31.0,0,0
23:58:32,-69.0,-11.0,31.0,0,0
23:58:33,-65.0,-11.0,31.0,0,0
23:58:34,-66.0,-11.0,32.0,0,0
23:58:35,-66.0,-11.0,32.0,0,0
23:58:36,-67.0,-11.0,32.0,0,0
23:58:37,-68.0,-11.0,31.0,0,0
23:58:38,-69.0,-11.0,31.0,0,0
23:58:39,-68.0,-11.0,31.0,0,0
23:58:40,-67.0,-11.0,31.0,0,0
23:58:41,-67.0,-11.0,31.0,0,0
23:58:42,-68.0,-11.0,31.0,0,0
23:58:43,-67.0,-11.0,31.0,0,0
23:58:44,-68.0,-11.0,31.0,0,0
23:58:45,-67.0,-11.0,32.0,0,0
23:58:46,-67.0,-11.0,31.0,0,0
23:58:47,-69.0,-11.0,32.0,0,0
23:58:48,-68.0,-11.0,32.0,0,0
23:58:49,-65.0,-11.0,32.0,0,0
23:58:50,-65.0,-11.0,32.0,0,0
23:58:51,-69.0,-11.0,32.0,0,0
23:58:52,-66.0,-11.0,31.0,0,0
23:58:53,-68.0,-11.0,31.0,0,0
23:58:54,-66.0,-11.0,32.0,0,0
23:58:55,-69.0,-11.0,32.0,0,0
23:58:56,-67.0,-11.0,31.0,0,0
23:58:57,-68.0,-11.0,31.0,0,0
23:58:58,-68.0,-11.0,32.0,0,0
23:58:59,-67.0,-11.0,32.0,0,0
23:59:00,-69.0,-11.0,32.0,0,0
23:59:01,-65.0,-11.0,31.0,0,0
23:59:02,-67.0,-11.0,31.0,0,0
23:59:03,-67.0,-11.0,31.0,0,0
23:59:04,-70.0,-11.0,31.0,0,0
23:59:05,-64.0,-11.0,30.0,0,0
23:59:06,-68.0,-11.0,31.0,0,0
23:59:07,-65.0,-11.0,31.0,0,0
23:59:08,-65.0,-11.0,31.0,0,0
23:59:09,-65.0,-11.0,31.0,0,0
23:59:10,-65.0,-11.0,31.0,0,0
23:59:11,-69.0,-11.0,31.0,0,0
23:59:12,-67.0,-11.0,30.0,0,0
23:59:13,-65.0,-11.0,31.0,0,0
23:59:14,-66.0,-11.0,32.0,0,0
23:59:15,-66.0,-11.0,32.0,0,0
23:59:16,-69.0,-11.0,32.0,0,0
23:59:17,-69.0,-11.0,32.0,0,0
23:59:18,-66.0,-11.0,32.0,0,0
23:59:19,-66.0,-11.0,32.0,0,0
23:59:20,-68.0,-11.0,32.0,0,0
23:59:21,-64.0,-11.0,31.0,0,0
23:59:22,-67.0,-11.0,31.0,0,0
23:59:23,-71.0,-11.0,31.0,0,0
23:59:24,-67.0,-11.0,31.0,0,0
23:59:25,-72.0,-11.0,31.0,0,0
23:59:26,-70.0,-11.0,31.0,0,0
23:59:27,-66.0,-11.0,31.0,0,0
23:59:28,-69.0,-11.0,31.0,0,0
23:59:29,-68.0,-11.0,31.0,0,0
23:59:30,-66.0,-11.0,30.0,0,0
23:59:31,-66.0,-11.0,30.0,0,0
23:59:32,-67.0,-11.0,31.0,0,0
23:59:33,-65.0,-11.0,31.0,0,0
23:59:34,-66.0,-11.0,31.0,0,0
23:59:35,-66.0,-11.0,31.0,0,0
23:59:36,-68.0,-11.0,31.0,0,0
23:59:37,-67.0,-11.0,31.0,0,0
23:59:38,-68.0,-11.0,31.0,0,0
23:59:39,-68.0,-11.0,31.0,0,0
23:59:40,-65.0,-11.0,32.0,0,0
23:59:41,-67.0,-11.0,32.0,0,0
23:59:42,-67.0,-11.0,32.0,0,0
23:59:43,-71.0,-11.0,32.0,0,0
23:59:44,-71.0,-11.0,32.0,0,0
23:59:45,-68.0,-11.0,32.0,0,0
23:59:46,-66.0,-11.0,30.0,0,0
23:59:47,-65.0,-11.0,30.0,0,0
23:59:48,-65.0,-11.0,31.0,0,0
23:59:49,-68.0,-11.0,31.0,0,0
23:59:50,-69.0,-11.0,31.0,0,0
23:59:51,-64.0,-11.0,31.0,0,0
23:59:52,-67.0,-11.0,31.0,0,0
23:59:53,-72.0,-11.0,31.0,0,0
23:59:54,-81.0,-11.0,31.0,1,1
23:59:55,-78.0,-11.0,23.0,1,1
23:59:56,-79.0,-11.0,23.0,1,1
23:59:57,-82.0,-11.0,24.0,1,1
23:59:58,-82.0,-11.0,24.0,1,1
23:59:59,-82.0,-11.0,23.0,1,1
0:00:00,-83.0,-11.0,24.0,1,1
0:00:01,-81.0,-11.0,24.0,1,1
0:00:02,-82.0,-11.0,26.0,1,1
0:00:03,-80.0,-11.0,26.0,1,1
0:00:04,-81.0,-11.0,25.0,1,1
0:00:05,-82.0,-11.0,26.0,1,1
0:00:06,-83.0,-11.0,25.0,1,1
0:00:07,-82.0,-11.0,25.0,1,1
0:00:08,-82.0,-11.0,26.0,1,1
0:00:09,-81.0,-11.0,26.0,1,1
0:00:10,-81.0,-11.0,26.0,1,1
0:00:11,-82.0,-11.0,26.0,1,1
0:00:12,-81.0,-11.0,26.0,1,1
0:00:13,-81.0,-11.0,26.0,1,1
0:00:14,-80.0,-11.0,26.0,1,1
0:00:15,-82.0,-11.0,27.0,1,1
0:00:16,-82.0,-11.0,27.0,1,1
0:00:17,-82.0,-11.0,26.0,1,1
0:00:18,-80.0,-11.0,26.0,1,1
0:00:19,-79.0,-11.0,28.0,1,1
0:00:20,-80.0,-11.0,28.0,1,1
0:00:21,-80.0,-11.0,27.0,1,1
0:00:22,-80.0,-11.0,27.0,1,1
0:00:23,-78.0,-11.0,27.0,1,1
0:00:24,-80.0,-11.0,26.0,1,1
0:00:25,-79.0,-11.0,27.0,1,1
0:00:26,-79.0,-11.0,27.0,1,1
0:00:27,-79.0,-11.0,27.0,1,1
0:00:28,-80.0,-11.0,27.0,1,1
0:00:29,-79.0,-11.0,26.0,1,1
0:00:30,-82.0,-11.0,26.0,1,1
0:00:31,-82.0,-11.0,26.0,1,1
0:00:32,-86.0,-11.0,26.0,1,1
0:00:33,-85.0,-11.0,24.0,1,1
0:00:34,-84.0,-11.0,25.0,1,1
0:00:35,-83.0,-11.0,25.0,1,1
0:00:36,-85.0,-11.0,25.0,1,1
0:00:37,-83.0,-11.0,26.0,1,1
0:00:38,-84.0,-11.0,26.0,1,1
0:00:39,-81.0,-11.0,26.0,1,1
0:00:40,-83.0,-11.0,27.0,1,1
0:00:41,-83.0,-11.0,27.0,1,1
0:00:42,-82.0,-11.0,27.0,1,1
0:00:43,-83.0,-11.0,27.0,1,1
0:00:44,-83.0,-11.0,27.0,1,1
0:00:45,-83.0,-11.0,27.0,1,1
0:00:46,-83.0,-11.0,26.0,1,1
0:00:47,-81.0,-11.0,26.0,1,1
0:00:48,-89.0,-11.0,26.0,1,1
0:00:49,-84.0,-11.0,25.0,1,1
0:00:50,-67.0,-11.0,25.0,1,1
0:00:51,-66.0,-11.0,25.0,1,1
0:00:52,-68.0,-11.0,30.0,0,1
0:00:53,-67.0,-11.0,31.0,0,1
0:00:54,-67.0,-11.0,31.0,0,1
0:00:55,-67.0,-11.0,31.0,0,1
0:00:56,-65.0,-11.0,32.0,0,0
0:00:57,-68.0,-11.0,32.0,0,0
0:00:58,-64.0,-11.0,32.0,0,0
0:00:59,-69.0,-11.0,31.0,0,0
0:01:00,-66.0,-11.0,31.0,0,0
0:01:01,-63.0,-11.0,31.0,0,0
0:01:02,-64.0,-11.0,31.0,0,0
0:01:03,-65.0,-11.0,31.0,0,0
0:01:04,-67.0,-11.0,32.0,0,0
0:01:05,-68.0,-11.0,32.0,0,0
0:01:06,-68.0,-11.0,31.0,0,0
0:01:07,-67.0,-11.0,31.0,0,0
0:01:08,-67.0,-11.0,31.0,0,0
0:01:09,-67.0,-11.0,32.0,0,0
0:01:10,-65.0,-11.0,32.0,0,0
0:01:11,-69.0,-11.0,32.0,0,0
0:01:12,-69.0,-11.0,32.0,0,0
0:01:13,-68.0,-11.0,30.0,0,0
0:01:14,-65.0,-11.0,30.0,0,0
0:01:15,-65.0,-11.0,30.0,0,0
0:01:16,-67.0,-11.0,31.0,0,0
0:01:17,-68.0,-11.0,31.0,0,0
0:01:18,-69.0,-11.0,31.0,0,0
0:01:19,-68.0,-11.0,30.0,0,0
0:01:20,-71.0,-11.0,30.0,0,0
0:01:21,-65.0,-11.0,30.0,0,0
0:01:22,-65.0,-11.0,30.0,0,0
0:01:23,-64.0,-11.0,31.0,0,0
0:01:24,-66.0,-11.0,31.0,0,0
0:01:25,-64.0,-11.0,32.0,0,0
0:01:26,-65.0,-11.0,31.0,0,0
0:01:27,-69.0,-11.0,31.0,0,0
0:01:28,-66.0,-11.0,31.0,0,0
0:01:29,-65.0,-11.0,31.0,0,0
0:01:30,-67.0,-11.0,31.0,0,0
0:01:31,-67.0,-11.0,32.0,0,0
0:01:32,-68.0,-11.0,32.0,0,0
0:01:33,-66.0,-11.0,31.0,0,0
0:01:34,-68.0,-11.0,31.0,0,0
0:01:35,-66.0,-11.0,31.0,0,0
0:01:36,-66.0,-11.0,31.0,0,0
0:01:37,-68.0,-11.0,31.0,0,0
0:01:38,-64.0,-11.0,32.0,0,0
0:01:39,-69.0,-11.0,32.0,0,0
0:01:40,-66.0,-11.0,31.0,0,0
0:01:41,-66.0,-11.0,31.0,0,0
0:01:42,-69.0,-11.0,32.0,0,0
0:01:43,-75.0,-11.0,32.0,0,0
0:01:44,-75.0,-11.0,30.0,0,0
0:01:45,-74.0,-11.0,30.0,0,0
0:01:46,-75.0,-11.0,31.0,0,0
0:01:47,-80.0,-11.0,31.0,1,1
0:01:48,-72.0,-11.0,30.0,0,1
0:01:49,-78.0,-11.0,30.0,1,1
0:01:50,-78.0,-11.0,30.0,1,1
0:01:51,-77.0,-12.0,30.0,2,2
0:01:52,-73.0,-11.0,31.0,0,2
0:01:53,-72.0,-11.0,30.0,0,2
0:01:54,-72.0,-11.0,30.0,0,2
0:01:55,-74.0,-11.0,30.0,0,2
0:01:56,-73.0,-11.0,30.0,0,0
0:01:57,-75.0,-11.0,30.0,0,0
0:01:58,-72.0,-11.0,32.0,0,0
0:01:59,-71.0,-11.0,32.0,0,0
0:02:00,-73.0,-11.0,31.0,0,0
0:02:01,,,,2,2
0:02:02,,,,2,2
0:02:03,,,,2,2
0:02:04,,,,2,2
0:02:05,,,,2,2
0:02:06,,,,2,2
0:02:07,,,,2,2
0:02:08,,,,2,2
0:02:09,,,,2,2
0:02:10,,,,2,2
0:02:11,,,,2,2
0:02:12,,,,2,2
0:02:13,,,,2,2
0:02:14,,,,2,2
0:02:15,,,,2,2
0:02:16,,,,2,2
0:02:17,,,,2,2
0:02:18,,,,2,2
0:02:19,,,,2,2
0:02:20,,,,2,2
0:02:21,,,,2,2
0:02:22,,,,2,2
0:02:23,,,,2,2
0:02:24,,,,2,2
0:02:25,,,,2,2
0:02:26,,,,2,2
0:02:27,,,,2,2
0:02:28,-84.0,-11.0,22.0,1,2
0:02:29,-84.0,-11.0,22.0,1,2
0:02:30,-81.0,-11.0,22.0,1,1
0:02:31,-82.0,-11.0,22.0,1,1
0:02:32,-82.0,-11.0,22.0,1,1
0:02:33,-79.0,-11.0,22.0,1,1
0:02:34,-81.0,-11.0,22.0,1,1
0:02:35,-81.0,-11.0,22.0,1,1
0:02:36,-77.0,-11.0,22.0,1,1
0:02:37,-83.0,-12.0,22.0,2,2
0:02:38,-82.0,-11.0,22.0,1,2
0:02:39,-82.0,-11.0,22.0,1,2
0:02:40,-84.0,-12.0,22.0,2,2
0:02:41,-79.0,-11.0,22.0,1,1
0:02:42,-79.0,-11.0,22.0,1,1
0:02:43,-76.0,-11.0,22.0,1,1
0:02:44,-83.0,-11.0,22.0,1,1
0:02:45,-81.0,-12.0,22.0,2,2
0:02:46,-79.0,-11.0,22.0,1,2
0:02:47,-80.0,-11.0,22.0,1,2
0:02:48,-80.0,-11.0,22.0,1,1
0:02:49,-80.0,-11.0,22.0,1,1
0:02:50,-81.0,-11.0,22.0,1,1
0:02:51,-80.0,-11.0,22.0,1,1
0:02:52,-81.0,-11.0,22.0,1,1
0:02:53,-81.0,-11.0,22.0,1,1
0:02:54,-80.0,-11.0,22.0,1,1
0:02:55,-80.0,-11.0,22.0,1,1
0:02:56,-80.0,-11.0,22.0,1,1
0:02:57,-83.0,-11.0,22.0,1,1
0:02:58,-82.0,-11.0,22.0,1,1
0:02:59,-82.0,-11.0,22.0,1,1
0:03:00,-82.0,-11.0,22.0,1,1
0:03:01,-80.0,-11.0,22.0,1,1
0:03:02,-80.0,-11.0,22.0,1,1
0:03:03,-77.0,-11.0,23.0,1,1
0:03:04,-80.0,-11.0,23.0,1,1
0:03:05,-82.0,-11.0,22.0,1,1
0:03:06,-75.0,-11.0,22.0,1,1
0:03:07,-75.0,-11.0,22.0,1,1
0:03:08,-79.0,-11.0,22.0,1,1
0:03:09,-79.0,-11.0,22.0,1,1
0:03:10,-77.0,-11.0,22.0,1,1
0:03:11,-74.0,-11.0,22.0,1,1
0:03:12,-78.0,-11.0,24.0,1,1
0:03:13,-79.0,-11.0,24.0,1,1
0:03:14,-77.0,-11.0,25.0,1,1
0:03:15,-84.0,-11.0,27.0,1,1
0:03:16,-84.0,-11.0,27.0,1,1
0:03:17,-80.0,-11.0,27.0,1,1
0:03:18,-79.0,-11.0,22.0,1,1
0:03:19,-79.0,-11.0,22.0,1,1
0:03:20,-79.0,-11.0,22.0,1,1
0:03:21,-80.0,-11.0,22.0,1,1
0:03:22,-75.0,-11.0,22.0,1,1
0:03:23,-75.0,-11.0,22.0,1,1
0:03:24,-77.0,-11.0,26.0,1,1
0:03:25,-74.0,-11.0,22.0,1,1
0:03:26,-78.0,-11.0,22.0,1,1
0:03:27,-80.0,-11.0,22.0,1,1
0:03:28,-77.0,-11.0,23.0,1,1
0:03:29,-77.0,-11.0,23.0,1,1
0:03:30,-79.0,-11.0,23.0,1,1
0:03:31,-79.0,-11.0,22.0,1,1
0:03:32,-77.0,-11.0,22.0,1,1
0:03:33,-79.0,-11.0,22.0,1,1
0:03:34,-77.0,-11.0,22.0,1,1
0:03:35,-77.0,-11.0,22.0,1,1
0:03:36,-80.0,-11.0,22.0,1,1
0:03:37,-80.0,-11.0,22.0,1,1
0:03:38,-80.0,-11.0,22.0,1,1
0:03:39,-76.0,-11.0,22.0,1,1
0:03:40,-78.0,-11.0,27.0,1,1
0:03:41,-75.0,-11.0,22.0,1,1
0:03:42,-81.0,-11.0,22.0,1,1
0:03:43,-81.0,-11.0,22.0,1,1
0:03:44,-79.0,-11.0,22.0,1,1
0:03:45,-78.0,-11.0,22.0,1,1
0:03:46,-77.0,-11.0,22.0,1,1
0:03:47,-79.0,-11.0,23.0,1,1
0:03:48,-80.0,-11.0,23.0,1,1
0:03:49,-80.0,-11.0,23.0,1,1
0:03:50,-80.0,-11.0,22.0,1,1
0:03:51,-78.0,-11.0,22.0,1,1
0:03:52,-78.0,-11.0,22.0,1,1
0:03:53,-79.0,-11.0,22.0,1,1
0:03:54,-75.0,-11.0,22.0,1,1
0:03:55,-75.0,-11.0,23.0,1,1
0:03:56,-85.0,-11.0,23.0,1,1
0:03:57,-85.0,-11.0,22.0,1,1
0:03:58,-81.0,-11.0,22.0,1,1
0:03:59,-83.0,-11.0,22.0,1,1
0:04:00,-83.0,-11.0,22.0,1,1
0:04:01,-75.0,-11.0,22.0,1,1
0:04:02,-74.0,-11.0,22.0,1,1
0:04:03,-74.0,-11.0,22.0,1,1
0:04:04,-74.0,-11.0,28.0,1,1
0:04:05,-77.0,-11.0,28.0,1,1
0.002847222,-75.0,-11.0,28.0,1,1
0.002858796,-79.0,-11.0,22.0,1,1
0.00287037,-80.0,-11.0,22.0,1,1
0.002881944,-80.0,-11.0,22.0,1,1
0.002893519,-80.0,-11.0,22.0,1,1
0.002905093,-79.0,-11.0,22.0,1,1
0.002916667,-78.0,-11.0,22.0,1,1
0.002928241,-81.0,-11.0,23.0,1,1
0.002939815,-79.0,-11.0,23.0,1,1
0.002951389,-86.0,-12.0,22.0,2,2
0.002962963,-86.0,-12.0,22.0,2,2
0.002974537,-80.0,-11.0,22.0,1,2
0.002986111,-80.0,-11.0,22.0,1,2
0.002997685,-78.0,-11.0,22.0,1,1
0.003009259,-81.0,-11.0,22.0,1,1
0.003020833,-80.0,-11.0,22.0,1,1
0.003032407,-85.0,-11.0,22.0,1,1
0.003043981,-80.0,-11.0,22.0,1,1
0.003055556,-80.0,-11.0,22.0,1,1
0.00306713,-80.0,-11.0,22.0,1,1
0.003078704,-76.0,-11.0,22.0,1,1
0.003090278,-78.0,-11.0,22.0,1,1
0.003101852,-78.0,-11.0,23.0,1,1
0.003113426,-83.0,-11.0,22.0,1,1
0.003125,-83.0,-11.0,22.0,1,1
0.003136574,-83.0,-11.0,22.0,1,1
0.003148148,-86.0,-12.0,22.0,2,2
